meadow_albedo.png	Generate one square seamless tileable game terrain texture: top-down orthographic view of a lush meadow ground, dense short green grass with many small scattered crimson-red and pink wildflowers (like red spider lilies and red cosmos), a few tiny white flowers, soft even daylight, no shadows from a single strong light, no text, no border, edges must wrap perfectly. Stylised-realistic painterly fantasy concept-art look, vibrant saturated colours like an anime landscape painting.
dirt_albedo.png	Generate one square seamless tileable game terrain texture: top-down orthographic view of packed earth footpath, warm brown soil with small pebbles, a few flat stones and sparse grass blades, soft even lighting, no text, no border, edges must wrap perfectly. Stylised-realistic painterly fantasy concept-art look.
cliff_rock_albedo.png	Generate one square seamless tileable game texture: straight-on orthographic view of a tall natural cliff face of layered sedimentary rock, horizontal strata bands and ledges, vertical cracks, cool grey and warm brown-ochre tones, small patches of moss and tiny red plants on ledges, soft even lighting, no sky, no text, no border, edges must wrap perfectly. Stylised-realistic painterly fantasy concept-art look.
masonry_albedo.png	Generate one square seamless tileable game texture: straight-on orthographic view of an ancient ruined wall of large squared grey stone blocks, weathered and chipped edges, thin mortar joints, lichen and moss in the cracks, soft even lighting, no text, no border, edges must wrap perfectly. Stylised-realistic painterly fantasy concept-art look.
stone_weathered_albedo.png	Generate one square seamless tileable game texture: straight-on orthographic close view of a single weathered ancient grey stone surface (no block joints), pitted and eroded with fine cracks, lichen speckles, subtle warm and cool grey variation, soft even lighting, no text, no border, edges must wrap perfectly. Stylised-realistic painterly fantasy concept-art look.
moss_albedo.png	Generate one square seamless tileable game texture: top-down orthographic view of thick green moss with tiny leaves and a few small red flowers, soft even lighting, no text, no border, edges must wrap perfectly. Stylised-realistic painterly fantasy concept-art look.
bark_albedo.png	Generate one square seamless tileable game texture: straight-on orthographic view of dark gnarled tree bark with deep vertical ridges and furrows, dark brown-grey with slight reddish tint and some moss, soft even lighting, no text, no border, edges must wrap perfectly. Stylised-realistic painterly fantasy concept-art look.
snow_rock_albedo.png	Generate one square seamless tileable game texture: straight-on orthographic view of a high mountain face, white snow and ice filling gullies between dark grey-blue rock ridges, soft even lighting, no text, no border, edges must wrap perfectly. Stylised-realistic painterly fantasy concept-art look.
red_flowers_card.png	Generate a game foliage sprite on a fully transparent background: a dense cluster of crimson-red and scarlet wildflowers (red spider lilies, red cosmos, small red poppies) on short green stems with a few grass blades, viewed from the side at eye level, filling the frame, crisp clean alpha edges, no ground, no shadow, no text. Stylised-realistic painterly fantasy concept-art look, vibrant. Save as PNG with alpha.
grass_card.png	Generate a game foliage sprite on a fully transparent background: a lush tuft of tall green grass blades with a few lighter yellow-green tips, viewed from the side, filling the frame, crisp clean alpha edges, no ground, no shadow, no text. Stylised-realistic painterly fantasy concept-art look. Save as PNG with alpha.
maple_red_card.png	Generate a game foliage sprite on a fully transparent background: a dense cluster of crimson-red Japanese maple leaves on thin dark twigs, many overlapping leaves with subtle colour variation from deep crimson to scarlet and a few pink highlights, filling the frame, crisp clean alpha edges, no background, no text. Stylised-realistic painterly fantasy concept-art look. Save as PNG with alpha.
maple_orange_card.png	Generate a game foliage sprite on a fully transparent background: a dense cluster of orange and amber autumn maple leaves on thin dark twigs, overlapping leaves with colour variation from burnt orange to golden, filling the frame, crisp clean alpha edges, no background, no text. Stylised-realistic painterly fantasy concept-art look. Save as PNG with alpha.
sky_panorama.png	Generate a 2:1 equirectangular 360-degree panoramic sky for a game skybox: bright clear blue sky, big soft white and cream cumulus clouds near the horizon, a few long wispy pink-magenta cloud streaks higher up, warm golden late-afternoon light coming from one side, the lower part near and below the horizon fading to soft hazy light blue-lavender atmosphere (no ground, no mountains, no land), seamless left-right wrap. Painterly fantasy concept-art style like an anime landscape painting.
mountains_far_strip.png	Generate a very wide panoramic strip (about 4:1) on a fully transparent background: a distant snow-capped mountain range seen from far away, one dominant sharp pyramidal snowy peak plus lower jagged peaks on both sides, lavender-blue atmospheric haze on the lower slopes, warm sunlit snow on the left faces, cool shaded right faces, transparent sky above the ridgeline, soft fade to haze at the bottom. Painterly fantasy concept-art style. Save as PNG with alpha.
